序号,企业名称,省份,行业,营收(万元)
1,华为投资控股有限公司,广东省,计算机、通信和其他电子设备制造业,60362100
2,苏宁控股集团有限公司,江苏省,零售业,55787511
3,正威国际集团有限公司,广东省,有色金属冶炼和压延加工业,49179850
4,京东集团,北京市,互联网和相关服务,36233175
5,山东魏桥创业集团有限公司,山东省,有色金属冶炼和压延加工业,35957819
6,联想控股股份有限公司,北京市,计算机、通信和其他电子设备制造业,31626292
7,恒大集团有限公司,广东省,房地产业,31102200
8,国美控股集团有限公司,北京市,零售业,30935043
9,恒力集团有限公司,江苏省,化学原料和化学制品制造业,30794113
10,大商集团有限公司,辽宁省,零售业,28080516
11,浙江吉利控股集团有限公司,浙江省,汽车制造业,27826459
12,万科企业股份有限公司,广东省,房地产业,24289711
13,美的集团股份有限公司,广东省,电气机械和器材制造业,24191890
14,碧桂园控股有限公司,广东省,房地产业,22689979
15,雪松控股集团有限公司,广东省,商务服务业,22108397
16,江苏沙钢集团有限公司,江苏省,黑色金属冶炼和压延加工业,22000971
17,大连万达集团股份有限公司,辽宁省,综合,20185589
18,信发集团有限公司,山东省,有色金属冶炼和压延加工业,20083128
19,新疆广汇实业投资（集团）有限责任公司,新疆维吾尔自治区,零售业,17644044
20,阳光龙净集团有限公司,福建省,其他金融业,17305490
21,泰康保险集团股份有限公司,北京市,保险业,16260053
22,海亮集团有限公司,浙江省,有色金属冶炼和压延加工业,16259643
23,青山控股集团有限公司,浙江省,黑色金属冶炼和压延加工业,16158784
24,中南控股集团有限公司,江苏省,房地产业,15387043
25,苏宁环球集团有限公司,江苏省,房地产业,14650065
26,三胞集团有限公司,江苏省,零售业,14600354
27,新奥集团股份有限公司,河北省,燃气生产和供应业,12697000
28,新城控股集团股份有限公司,上海市,房地产业,12647216
29,中天钢铁集团有限公司,江苏省,黑色金属冶炼和压延加工业,12204388
30,小米通讯技术有限公司,北京市,综合,11462474
31,东方希望集团有限公司,上海市,有色金属冶炼和压延加工业,11440000
32,天能集团,浙江省,电气机械和器材制造业,11277583
33,TCL集团股份有限公司,广东省,计算机、通信和其他电子设备制造业,11157736
34,海澜集团有限公司,江苏省,纺织服装、服饰业,10885541
35,东岭集团股份有限公司,陕西省,批发业,10812595
36,浙江荣盛控股集团有限公司,浙江省,化学纤维制造业,10663705
37,比亚迪股份有限公司,广东省,汽车制造业,10591470
38,盛虹控股集团有限公司,江苏省,纺织业,10501949
39,南通三建控股有限公司,江苏省,房地产业,10478217
40,浙江恒逸集团有限公司,浙江省,化学纤维制造业,10470453
41,超威集团,浙江省,电气机械和器材制造业,10368301
42,河北津西钢铁集团股份有限公司,河北省,黑色金属冶炼和压延加工业,10090231
43,上海均和集团有限公司,上海市,综合,9997329
44,西安迈科金属国际集团有限公司,陕西省,批发业,9893701
45,阳光保险集团股份有限公司,广东省,保险业,9647210
46,正荣集团有限公司,福建省,房地产业,9602612
47,山东东明石化集团有限公司,山东省,石油加工、炼焦和核燃料加工业,9063466
48,腾邦集团有限公司,广东省,综合,8988264
49,复星国际有限公司,上海市,综合,8802516
50,山东晨鸣纸业集团股份有限公司,山东省,造纸和纸制品业,8702236
51,杭州锦江集团有限公司,浙江省,有色金属冶炼和压延加工业,8553673
52,百度公司,北京市,互联网和相关服务,8480941
53,北京建龙重工集团有限公司,北京市,黑色金属冶炼和压延加工业,8433340
54,万达控股集团有限公司,山东省,石油加工、炼焦和核燃料加工业,8361646
55,新华联集团有限公司,湖南省,综合,8337797
56,福中集团有限公司,江苏省,综合,8273165
57,广厦控股集团有限公司,浙江省,房屋建筑业,8048522
58,福晟集团有限公司,福建省,综合,8010873
59,日照钢铁控股集团有限公司,山东省,黑色金属冶炼和压延加工业,7989090
60,内蒙古伊泰集团有限公司,内蒙古自治区,煤炭开采和洗选业,7881841
61,银亿集团有限公司,浙江省,批发业,7830148
62,亨通集团有限公司,江苏省,计算机、通信和其他电子设备制造业,7802628
63,山东大海集团有限公司,山东省,综合,7787142
64,中天控股集团有限公司,浙江省,房屋建筑业,7642768
65,中融新大集团有限公司,山东省,装卸搬运和运输代理业,7533168
66,利华益集团股份有限公司,山东省,石油加工、炼焦和核燃料加工业,7501836
67,宁夏天元锰业集团有限公司,宁夏回族自治区,有色金属冶炼和压延加工业,7400594
68,九州通医药集团股份有限公司,湖北省,批发业,7394289
69,上海钢联电子商务股份有限公司,上海市,互联网和相关服务,7369705
70,河北新华联合冶金控股集团有限公司,河北省,黑色金属冶炼和压延加工业,7362531
71,华泰集团有限公司,山东省,造纸和纸制品业,7301169
72,新希望集团有限公司,四川省,农、林、牧、渔服务业,7299781
73,江阴澄星实业集团有限公司,江苏省,化学原料和化学制品制造业,7237863
74,龙湖集团控股有限公司,重庆市,房地产业,7207504
75,深圳顺丰泰森控股(集团)有限公司,广东省,邮政业,7109430
76,宁波金田投资控股有限公司,浙江省,有色金属冶炼和压延加工业,7059927
77,重庆市金科投资控股（集团）有限责任公司,重庆市,其他金融业,7058643
78,扬子江药业集团有限公司,江苏省,医药制造业,7008812
79,卓尔控股有限公司,湖北省,综合,6986924
80,唯品会（中国）有限公司,广东省,零售业,6892996
81,深圳市怡亚通供应链股份有限公司,广东省,商务服务业,6861704
82,内蒙古伊利实业集团股份有限公司,内蒙古自治区,食品制造业,6805817
83,敬业集团有限公司,河北省,黑色金属冶炼和压延加工业,6746750
84,融信（福建）投资集团有限公司,福建省,房地产业,6672565
85,雅戈尔集团股份有限公司,浙江省,纺织服装、服饰业,6654041
86,正邦集团有限公司,江西省,农业,6635299
87,天津荣程联合钢铁集团有限公司,天津市,黑色金属冶炼和压延加工业,6604932
88,奥克斯集团有限公司,浙江省,电气机械和器材制造业,6493012
89,修正药业集团,吉林省,医药制造业,6376270
90,传化集团有限公司,浙江省,化学原料和化学制品制造业,6317160
91,三一集团有限公司,湖南省,专用设备制造业,6268825
92,通威集团有限公司,四川省,农副食品加工业,6261031
93,杭州滨江房产集团股份有限公司,浙江省,房地产业,6150000
94,红豆集团有限公司,江苏省,纺织服装、服饰业,6033816
95,正泰集团股份有限公司,浙江省,电气机械和器材制造业,6017696
96,青建集团股份公司,山东省,房屋建筑业,6008048
97,华夏幸福基业股份有限公司,河北省,房地产业,5963542
98,广州富力地产股份有限公司,广东省,房地产业,5927785
99,天安人寿保险股份有限公司,北京市,保险业,5877860
100,永辉超市股份有限公司,福建省,零售业,5859134
101,江苏南通二建集团有限公司,江苏省,房屋建筑业,5736659
102,山东京博控股股份有限公司,山东省,石油加工、炼焦和核燃料加工业,5700045
103,南通四建集团有限公司,江苏省,房屋建筑业,5686289
104,深圳市爱施德股份有限公司,广东省,综合,5673587
105,山东如意国际时尚产业投资控股有限公司,山东省,纺织服装、服饰业,5613106
106,山东创新金属科技有限公司,山东省,有色金属冶炼和压延加工业,5603445
107,江西方大钢铁集团有限公司,江西省,黑色金属冶炼和压延加工业,5602439
108,蓝思科技集团,湖南省,计算机、通信和其他电子设备制造业,5594430
109,广东温氏食品集团股份有限公司,广东省,畜牧业,5565716
110,隆基泰和实业有限公司,河北省,综合,5562678
111,玖龙纸业（控股）有限公司,广东省,造纸和纸制品业,5557713
112,山东海科化工集团,山东省,石油加工、炼焦和核燃料加工业,5500774
113,上海找钢网信息科技股份有限公司,上海市,互联网和相关服务,5491738
114,河北普阳钢铁有限公司,河北省,黑色金属冶炼和压延加工业,5467220
115,江苏永钢集团有限公司,江苏省,黑色金属冶炼和压延加工业,5388353
116,河南省漯河市双汇实业集团有限责任公司,河南省,农副食品加工业,5309476
117,荣盛控股股份有限公司,河北省,房地产业,5309288
118,特变电工股份有限公司,新疆维吾尔自治区,电气机械和器材制造业,5273130
119,德力西集团有限公司,浙江省,电气机械和器材制造业,5258941
120,宝塔石化集团有限公司,宁夏回族自治区,石油加工、炼焦和核燃料加工业,5247847
121,江苏三房巷集团有限公司,江苏省,化学纤维制造业,5233235
122,隆鑫控股有限公司,重庆市,通用设备制造业,5229376
123,中化弘润石油化工有限公司,山东省,石油加工、炼焦和核燃料加工业,5170543
124,东方集团有限公司,黑龙江省,综合,5161373
125,雅居乐地产置业有限公司,广东省,房地产业,5160706
126,恒信汽车集团股份有限公司,湖北省,批发业,5158068
127,稻花香集团,湖北省,酒、饮料和精制茶制造业,5156194
128,江苏省建筑工程集团有限公司,江苏省,房屋建筑业,5069325
129,浙江桐昆控股集团有限公司,浙江省,化学纤维制造业,5058084
130,江苏省苏中建设集团股份有限公司,江苏省,房屋建筑业,5056959
131,亚邦投资控股集团有限公司,江苏省,化学原料和化学制品制造业,5037379
132,双胞胎（集团）股份有限公司,江西省,农副食品加工业,5023665
133,新凤祥控股集团有限责任公司,山东省,有色金属冶炼和压延加工业,5006899
134,郑州中瑞实业集团有限公司,河南省,商务服务业,4851806
135,重庆小康控股有限公司,重庆市,汽车制造业,4834099
136,山东科达集团有限公司,山东省,土木工程建筑业,4785635
137,物美控股集团有限公司,北京市,零售业,4745218
138,俊发集团有限公司,云南省,房地产业,4710000
139,内蒙古鄂尔多斯投资控股集团有限公司,内蒙古自治区,纺织服装、服饰业,4653017
140,四川德胜集团钒钛有限公司,四川省,黑色金属冶炼和压延加工业,4651620
141,杭州娃哈哈集团有限公司,浙江省,酒、饮料和精制茶制造业,4643785
142,深圳海王集团股份有限公司,广东省,医药制造业,4623669
143,东营鲁方金属材料有限公司,山东省,有色金属冶炼和压延加工业,4583917
144,蓝光投资控股集团有限公司,四川省,房地产业,4550889
145,山东金诚石化集团有限公司,山东省,石油加工、炼焦和核燃料加工业,4513739
146,亿利资源集团有限公司,内蒙古自治区,综合,4500753
147,天津友发钢管集团股份有限公司,天津市,金属制品业,4494604
148,山东太阳控股集团有限公司,山东省,造纸和纸制品业,4490230
149,中天科技集团有限公司,江苏省,电气机械和器材制造业,4465308
150,天瑞集团股份有限公司,河南省,其他制造业,4361911
151,江苏新长江实业集团有限公司,江苏省,黑色金属冶炼和压延加工业,4357390
152,西王集团有限公司,山东省,农副食品加工业,4350599
153,华勤橡胶工业集团有限公司,山东省,橡胶和塑料制品业,4325182
154,和润集团有限公司,浙江省,食品制造业,4306026
155,重庆力帆控股有限公司,重庆市,汽车制造业,4258898
156,河南森源集团有限公司,河南省,电气机械和器材制造业,4236265
157,江苏南通六建建设集团有限公司,江苏省,房屋建筑业,4205069
158,通鼎集团有限公司,江苏省,计算机、通信和其他电子设备制造业,4182581
159,山东渤海实业股份有限公司,山东省,农副食品加工业,4170157
160,融侨集团股份有限公司,福建省,房地产业,4160000
161,江苏华宏实业集团有限公司,江苏省,化学纤维制造业,4117625
162,盘锦北方沥青燃料有限公司,辽宁省,石油加工、炼焦和核燃料加工业,4107120
163,四川科伦实业集团有限公司,四川省,医药制造业,4106113
164,山河控股集团有限公司,湖北省,房屋建筑业,4101786
165,浙江中成控股集团有限公司,浙江省,房屋建筑业,4070972
166,湖南博长控股集团有限公司,湖南省,黑色金属冶炼和压延加工业,4058828
167,人民电器集团有限公司,浙江省,电气机械和器材制造业,4034049
168,金浦投资控股集团有限公司,江苏省,化学原料和化学制品制造业,4020150
169,天合光能股份有限公司,江苏省,电气机械和器材制造业,4002655
170,冀南钢铁集团有限公司,河北省,黑色金属冶炼和压延加工业,3971613
171,山东玉皇化工有限公司,山东省,化学原料和化学制品制造业,3968785
172,创维集团有限公司,广东省,计算机、通信和其他电子设备制造业,3955878
173,广东圣丰集团有限公司,广东省,橡胶和塑料制品业,3954492
174,四川蓝润实业集团有限公司,四川省,房地产业,3952830
175,同程控股股份有限公司,江苏省,商务服务业,3945946
176,山东新希望六和集团有限公司,山东省,农副食品加工业,3930449
177,中新产业集团有限公司,浙江省,商务服务业,3922000
178,江苏中利能源控股有限公司,江苏省,电气机械和器材制造业,3920488
179,临沂新程金锣肉制品集团有限公司,山东省,农副食品加工业,3901640
180,山东金岭集团有限公司,山东省,化学原料和化学制品制造业,3888736
181,三河汇福粮油集团有限公司,河北省,农副食品加工业,3864917
182,中运富通控股集团有限公司,上海市,综合,3864403
183,武安市裕华钢铁有限公司,河北省,黑色金属冶炼和压延加工业,3863513
184,金澳科技（湖北）化工有限公司,湖北省,化学原料和化学制品制造业,3861055
185,弘阳集团有限公司,江苏省,批发业,3854291
186,山东胜通集团股份有限公司,山东省,金属制品业,3854216
187,环嘉集团有限公司,辽宁省,批发业,3838626
188,东旭集团有限公司,河北省,计算机、通信和其他电子设备制造业,3835432
189,中基宁波集团股份有限公司,浙江省,商务服务业,3798145
190,晶龙实业集团有限公司,河北省,其他制造业,3788441
191,威高集团有限公司,山东省,医药制造业,3781624
192,均和（厦门）控股有限公司,福建省,综合,3770806
193,江苏阳光集团有限公司,江苏省,纺织服装、服饰业,3738814
194,步步高集团,湖南省,零售业,3709412
195,天元建设集团有限公司,山东省,土木工程建筑业,3706550
196,东营方圆有色金属有限公司,山东省,有色金属冶炼和压延加工业,3699621
197,大汉控股集团有限公司,湖南省,商务服务业,3690237
198,郑州宇通集团有限公司,河南省,汽车制造业,3563402
199,研祥高科技控股集团有限公司,广东省,计算机、通信和其他电子设备制造业,3560817
200,江苏扬子江船业集团,江苏省,铁路、船舶、航空航天和其他运输设备制造业,3553722
201,双良集团有限公司,江苏省,金属制品、机械和设备修理业,3518421
202,华仪集团有限公司,浙江省,电气机械和器材制造业,3510126
203,华芳集团有限公司,江苏省,纺织业,3503459
204,卧龙控股集团有限公司,浙江省,电气机械和器材制造业,3475874
205,维维集团股份有限公司,江苏省,食品制造业,3471726
206,通州建总集团有限公司,江苏省,房屋建筑业,3461256
207,富通集团有限公司,浙江省,计算机、通信和其他电子设备制造业,3453862
208,武安市明芳钢铁有限公司,河北省,黑色金属冶炼和压延加工业,3428608
209,浙江宝业建设集团有限公司,浙江省,房屋建筑业,3423621
210,浙江前程投资股份有限公司,浙江省,批发业,3407529
211,法尔胜泓昇集团有限公司,江苏省,金属制品业,3403315
212,浙江富冶集团有限公司,浙江省,有色金属冶炼和压延加工业,3396477
213,远东控股集团有限公司,江苏省,综合,3389258
214,天狮集团有限公司,天津市,食品制造业,3387737
215,河北新金钢铁有限公司,河北省,黑色金属冶炼和压延加工业,3386835
216,宁波富邦控股集团有限公司,浙江省,综合,3380633
217,欧菲科技股份有限公司,广东省,计算机、通信和其他电子设备制造业,3379103
218,富海集团有限公司,山东省,石油加工、炼焦和核燃料加工业,3337975
219,红狮控股集团有限公司,浙江省,非金属矿物制品业,3330775
220,龙元建设集团股份有限公司,浙江省,房屋建筑业,3306624
221,浙江昆仑控股集团有限公司,浙江省,综合,3301926
222,山东博汇集团有限公司,山东省,化学原料和化学制品制造业,3300949
223,石横特钢集团有限公司,山东省,黑色金属冶炼和压延加工业,3300133
224,龙信建设集团有限公司,江苏省,房屋建筑业,3285745
225,金龙精密铜管集团股份有限公司,重庆市,有色金属冶炼和压延加工业,3275489
226,绿地城市建设发展集团有限公司,上海市,房屋建筑业,3260519
227,广东海大集团股份有限公司,广东省,农副食品加工业,3255663
228,山东清源集团有限公司,山东省,石油加工、炼焦和核燃料加工业,3253537
229,精功集团有限公司,浙江省,综合,3241386
230,波司登股份有限公司,江苏省,纺织服装、服饰业,3240801
231,华峰集团有限公司,浙江省,化学原料和化学制品制造业,3226386
232,龙光集团,广东省,房地产业,3218575
233,山东泰山钢铁集团有限公司,山东省,黑色金属冶炼和压延加工业,3205069
234,北京运通国融投资集团有限公司,北京市,零售业,3184520
235,荣民控股集团有限公司,陕西省,综合,3182683
236,万通海欣控股股份有限公司,山东省,石油加工、炼焦和核燃料加工业,3162744
237,乌海银行股份有限公司,内蒙古自治区,货币金融服务,3155338
238,岚桥集团有限公司,山东省,综合,3132545
239,河北新武安钢铁集团文安钢铁有限公司,河北省,黑色金属冶炼和压延加工业,3123973
240,广西盛隆冶金有限公司,广西壮族自治区,黑色金属冶炼和压延加工业,3114547
241,恒申控股集团有限公司,福建省,综合,3087620
242,浙江明日控股集团股份有限公司,浙江省,零售业,3075711
243,山东汇丰石化集团有限公司,山东省,石油加工、炼焦和核燃料加工业,3068943
244,红太阳集团有限公司,江苏省,化学原料和化学制品制造业,3068216
245,东岳集团,山东省,化学原料和化学制品制造业,3023815
246,山东九羊集团有限公司,山东省,黑色金属冶炼和压延加工业,3021936
247,文一投资控股集团,安徽省,房地产业,3011936
248,浙江新湖集团股份有限公司,浙江省,综合,3011917
249,香江集团有限公司,广东省,综合,3005700
250,包商银行股份有限公司,内蒙古自治区,货币金融服务,2997802
251,河北天山实业集团有限公司,河北省,商务服务业,2986765
252,帝海投资控股集团有限公司,北京市,房地产业,2985659
253,澳洋集团有限公司,江苏省,纺织业,2966041
254,五星控股集团有限公司,江苏省,批发业,2952998
255,江苏集群信息产业集团,江苏省,软件和信息技术服务业,2919627
256,浙江龙盛控股有限公司,浙江省,化学原料和化学制品制造业,2829564
257,天士力控股集团有限公司,天津市,医药制造业,2824886
258,中崇集团有限公司,上海市,综合,2804204
259,东辰控股集团有限公司,山东省,化学原料和化学制品制造业,2801251
260,万丰奥特控股集团有限公司,浙江省,汽车制造业,2800605
261,山东金茂纺织化工集团有限公司,山东省,有色金属冶炼和压延加工业,2786967
262,华东医药股份有限公司,浙江省,医药制造业,2783182
263,江苏大明金属制品有限公司,江苏省,金属制品业,2777190
264,香驰控股有限公司,山东省,农副食品加工业,2767244
265,攀华集团有限公司,江苏省,金属制品业,2751679
266,长城汽车股份有限公司天津哈弗分公司,天津市,汽车制造业,2730725
267,辽宁禾丰牧业股份有限公司,辽宁省,农副食品加工业,2730333
268,江苏沃得机电集团有限公司,江苏省,通用设备制造业,2706992
269,上海均瑶（集团）有限公司,上海市,综合,2699681
270,合众人寿保险股份有限公司,湖北省,保险业,2686142
271,山东垦利石化集团有限公司,山东省,石油加工、炼焦和核燃料加工业,2674187
272,鲁丽集团有限公司,山东省,黑色金属冶炼和压延加工业,2673139
273,北京链家房地产经纪有限公司,北京市,房地产业,2669091
274,宁波均胜电子股份有限公司,浙江省,汽车制造业,2660560
275,兴华财富集团有限公司,河北省,金属制品业,2654290
276,利时集团股份有限公司,浙江省,橡胶和塑料制品业,2653455
277,山东鲁花集团有限公司,山东省,农副食品加工业,2653368
278,康美药业股份有限公司,广东省,医药制造业,2647697
279,晶科能源有限公司,江西省,电气机械和器材制造业,2647294
280,河北新武安钢铁集团烘熔钢铁有限公司,河北省,黑色金属冶炼和压延加工业,2634789
281,河南黄河实业集团股份有限公司,河南省,非金属矿物制品业,2618699
282,江门市三七实业有限公司,广东省,批发业,2618350
283,森马集团有限公司,浙江省,纺织服装、服饰业,2612789
284,深圳市富森供应链管理有限公司,广东省,批发业,2608025
285,江苏天工集团有限公司,江苏省,黑色金属冶炼和压延加工业,2597563
286,江苏金峰水泥集团有限公司,江苏省,非金属矿物制品业,2590681
287,南通化工轻工股份有限公司,江苏省,批发业,2587673
288,太平鸟集团有限公司,浙江省,批发业,2582437
289,河南正商置业有限公司,河南省,房地产业,2572175
290,海外海集团有限公司,浙江省,商务服务业,2565857
291,北京三快在线科技有限公司,北京市,互联网和相关服务,2565709
292,重庆新鸥鹏企业（集团）有限公司,重庆市,房地产业,2562669
293,新八建设集团有限公司,湖北省,房屋建筑业,2561868
294,升华集团控股有限公司,浙江省,批发业,2559191
295,歌尔股份有限公司,山东省,计算机、通信和其他电子设备制造业,2553673
296,百兴集团有限公司,江苏省,批发业,2549912
297,河北新武安钢铁集团鑫汇冶金有限公司,河北省,黑色金属冶炼和压延加工业,2529077
298,福建永荣控股集团有限公司,福建省,化学纤维制造业,2527052
299,浙江中南建设集团有限公司,浙江省,房屋建筑业,2520921
300,新华锦集团,山东省,批发业,2513177
301,东力控股集团有限公司,浙江省,商务服务业,2497705
302,利群集团股份有限公司,山东省,零售业,2491708
303,重庆中昂投资集团有限公司,重庆市,房地产业,2490969
304,福建省金纶高纤股份有限公司,福建省,化学纤维制造业,2488681
305,江苏三木集团有限公司,江苏省,化学原料和化学制品制造业,2477309
306,象翌微链科技发展有限公司,广西壮族自治区,互联网和相关服务,2475747
307,华南物资集团有限公司,重庆市,批发业,2474280
308,江苏新海石化有限公司,江苏省,石油加工、炼焦和核燃料加工业,2453121
309,江苏省镔鑫钢铁集团有限公司,江苏省,黑色金属冶炼和压延加工业,2437824
310,泰禾集团股份有限公司,福建省,房地产业,2433116
311,洛阳栾川钼业集团股份有限公司,河南省,有色金属矿采选业,2414755
312,宜华企业（集团）有限公司,广东省,木材加工和木、竹、藤、棕、草制品业,2399674
313,江苏新潮科技集团有限公司,江苏省,计算机、通信和其他电子设备制造业,2397733
314,福星集团控股有限公司,湖北省,综合,2390255
315,深圳金雅福控股集团有限公司,广东省,商务服务业,2364946
316,烟台恒邦集团有限公司,山东省,有色金属冶炼和压延加工业,2357739
317,深圳市年富供应链有限公司,广东省,商务服务业,2355539
318,天津亿联投资控股集团有限公司,天津市,房地产业,2351824
319,广州市时代控股集团有限公司,广东省,房地产业,2346418
320,花园集团有限公司,浙江省,房屋建筑业,2345925
321,东方润安集团有限公司,江苏省,黑色金属冶炼和压延加工业,2325302
322,新七建设集团有限公司,湖北省,房屋建筑业,2323439
323,山东中海化工集团有限公司,山东省,石油加工、炼焦和核燃料加工业,2322638
324,武汉当代科技产业集团股份有限公司,湖北省,医药制造业,2321110
325,金发科技股份有限公司,广东省,橡胶和塑料制品业,2313738
326,得力集团,浙江省,文教、工美、体育和娱乐用品制造业,2308832
327,新华发集团有限公司,江苏省,黑色金属冶炼和压延加工业,2298919
328,浙江元立金属制品集团有限公司,浙江省,金属制品业,2296534
329,新凤鸣集团股份有限公司,浙江省,化学纤维制造业,2296328
330,深圳华强集团有限公司,广东省,软件和信息技术服务业,2283002
331,重庆华宇集团有限公司,重庆市,房地产业,2262331
332,河南众品食业股份有限公司,河南省,农副食品加工业,2250163
333,舜宇集团有限公司,浙江省,计算机、通信和其他电子设备制造业,2243958
334,华立集团股份有限公司,浙江省,综合,2234794
335,淄博齐翔腾达化工股份有限公司,山东省,化学原料和化学制品制造业,2222620
336,巨星控股集团有限公司,浙江省,通用设备制造业,2205600
337,永鼎集团有限公司,江苏省,计算机、通信和其他电子设备制造业,2204688
338,三花控股集团有限公司,浙江省,通用设备制造业,2201641
339,东莞华贝电子科技有限公司,广东省,计算机、通信和其他电子设备制造业,2185731
340,建华建材（中国）有限公司,江苏省,其他制造业,2184000
341,伟星集团有限公司,浙江省,其他制造业,2182481
342,南京新华海科技产业集团有限公司,江苏省,综合,2181872
343,厦门禹洲集团股份有限公司,福建省,房地产业,2170076
344,常熟市龙腾特种钢有限公司,江苏省,黑色金属冶炼和压延加工业,2166918
345,震雄铜业集团有限公司,江苏省,有色金属冶炼和压延加工业,2163730
346,中信国安化工有限公司,山东省,化学原料和化学制品制造业,2162318
347,苏州金螳螂企业（集团）有限公司,江苏省,建筑装饰和其他建筑业,2156172
348,重庆市中科控股有限公司,重庆市,房地产业,2150955
349,山东五征集团有限公司,山东省,汽车制造业,2137381
350,纳思达股份有限公司,广东省,计算机、通信和其他电子设备制造业,2132393
351,无限极（中国）有限公司,广东省,食品制造业,2123896
352,瑞声科技控股有限公司,广东省,计算机、通信和其他电子设备制造业,2111856
353,佛山市兴海铜铝业有限公司,广东省,综合,2111182
354,广州立白企业集团有限公司,广东省,化学原料和化学制品制造业,2107150
355,安徽国购投资集团,安徽省,综合,2106875
356,连云港兴鑫钢铁有限公司,江苏省,黑色金属冶炼和压延加工业,2106439
357,曙光控股集团有限公司,浙江省,房屋建筑业,2104735
358,中国万向控股有限公司,上海市,保险业,2092178
359,山东寿光鲁清石化有限公司,山东省,石油加工、炼焦和核燃料加工业,2089273
360,新疆生产建设兵团第八师天山铝业股份有限公司,新疆生产建设兵团,有色金属冶炼和压延加工业,2088966
361,众泰汽车股份有限公司,安徽省,汽车制造业,2080431
362,成都蛟龙港（成都蛟龙投资有限责任公司、成都蛟龙经济开发有限公司）,四川省,综合,2064071
363,河南金汇不锈钢产业集团有限公司,河南省,黑色金属冶炼和压延加工业,2062157
364,华泽集团有限公司,湖南省,酒、饮料和精制茶制造业,2057726
365,东兆长泰集团有限公司,北京市,综合,2056136
366,山东奥德燃气有限公司,山东省,燃气生产和供应业,2049511
367,三鼎控股集团有限公司,浙江省,纺织业,2046637
368,深圳市信利康供应链管理有限公司,广东省,装卸搬运和运输代理业,2044759
369,广东联塑科技实业有限公司,广东省,橡胶和塑料制品业,2036000
370,德邦物流股份有限公司,上海市,装卸搬运和运输代理业,2035011
371,三盛集团有限公司,福建省,房地产业,2033468
372,河北鑫海控股有限公司,河北省,石油加工、炼焦和核燃料加工业,2026755
373,武汉市金马凯旋家具投资有限公司,湖北省,综合,2015948
374,月星集团有限公司,上海市,综合,2012376
375,广东格兰仕集团有限公司,广东省,电气机械和器材制造业,2009160
376,利泰集团有限公司,广东省,批发业,2008352
377,河南龙成集团有限公司,河南省,黑色金属冶炼和压延加工业,2007863
378,上海龙昂国际贸易有限公司,上海市,批发业,2005310
379,红星美凯龙控股集团有限公司,上海市,综合,2004436
380,宗申产业集团有限公司,重庆市,铁路、船舶、航空航天和其他运输设备制造业,2003553
381,中如建工集团有限公司,江苏省,房屋建筑业,2002141
382,宁德时代新能源科技股份有限公司,福建省,电气机械和器材制造业,1999686
383,中太建设集团股份有限公司,河北省,房屋建筑业,1984447
384,金正大生态工程集团股份有限公司,山东省,化学原料和化学制品制造业,1983354
385,福建恒安集团有限公司,福建省,造纸和纸制品业,1982503
386,达利食品集团有限公司,福建省,食品制造业,1979911
387,山西潞宝集团,山西省,石油加工、炼焦和核燃料加工业,1972511
388,浙江宝利德股份有限公司,浙江省,零售业,1964035
389,奥康集团有限公司,浙江省,皮革、毛皮、羽毛及其制品和制鞋业,1953018
390,万马联合控股集团有限公司,浙江省,零售业,1950751
391,江西博能实业集团有限公司,江西省,金属制品业,1950362
392,江苏金昇实业股份有限公司,江苏省,专用设备制造业,1948520
393,深圳市华富洋供应链有限公司,广东省,商务服务业,1945759
394,圆通速递有限公司,上海市,邮政业,1931661
395,祥生实业集团有限公司,浙江省,房屋建筑业,1929157
396,美锦能源集团有限公司,山西省,石油加工、炼焦和核燃料加工业,1925687
397,润东汽车集团有限公司,江苏省,综合,1911108
398,广州市方圆房地产发展有限公司,广东省,房地产业,1907461
399,兴惠化纤集团有限公司,浙江省,纺织业,1898885
400,福建捷联电子有限公司,福建省,计算机、通信和其他电子设备制造业,1898517
401,大运九州集团有限公司,山西省,汽车制造业,1894596
402,重庆市博赛矿业（集团）有限公司,重庆市,有色金属冶炼和压延加工业,1894082
403,深圳市思贝克集团有限公司,广东省,互联网和相关服务,1890062
404,浙江大华技术股份有限公司,浙江省,软件和信息技术服务业,1884446
405,南京途牛科技有限公司,江苏省,互联网和相关服务,1880411
406,浙江东南网架集团有限公司,浙江省,金属制品业,1876376
407,北京大北农科技集团股份有限公司,北京市,农、林、牧、渔服务业,1874173
408,德华集团控股股份有限公司,浙江省,木材加工和木、竹、藤、棕、草制品业,1872677
409,福耀玻璃工业集团股份有限公司,福建省,非金属矿物制品业,1871561
410,连云港亚新钢铁有限公司,江苏省,黑色金属冶炼和压延加工业,1860241
411,山东永鑫能源集团有限公司,山东省,石油加工、炼焦和核燃料加工业,1848000
412,山东远通汽车贸易集团有限公司,山东省,零售业,1845125
413,淄博商厦股份有限公司,山东省,零售业,1841636
414,搜于特集团股份有限公司,广东省,综合,1834871
415,宁波元稹国际物流有限公司,浙江省,批发业,1833476
416,西子联合控股有限公司,浙江省,专用设备制造业,1832934
417,新阳科技集团有限公司,江苏省,化学原料和化学制品制造业,1830971
418,河南金利金铅集团有限公司,河南省,有色金属冶炼和压延加工业,1826428
419,万事利集团有限公司,浙江省,纺织服装、服饰业,1824193
420,金花投资控股集团有限公司,陕西省,零售业,1822264
421,重庆东银控股集团有限公司,重庆市,房地产业,1821297
422,江苏文峰集团有限公司,江苏省,零售业,1820000
423,新星宇建设集团有限公司,吉林省,房屋建筑业,1818205
424,浙江方远控股集团有限公司,浙江省,房屋建筑业,1816977
425,兴达投资集团有限公司,江苏省,化学原料和化学制品制造业,1810714
426,大亚科技集团有限公司,江苏省,木材加工和木、竹、藤、棕、草制品业,1804526
427,江西济民可信集团有限公司,江西省,医药制造业,1802478
428,中亿丰建设集团股份有限公司,江苏省,房屋建筑业,1802151
429,维科控股集团股份有限公司,浙江省,批发业,1801934
430,河北安丰钢铁有限公司,河北省,黑色金属冶炼和压延加工业,1800795
431,宁夏宝丰集团有限公司,宁夏回族自治区,煤炭开采和洗选业,1790387
432,天津华北集团有限公司,天津市,有色金属冶炼和压延加工业,1784642
433,远景能源（江苏）有限公司,江苏省,其他制造业,1781438
434,南通五建控股集团有限公司,江苏省,房屋建筑业,1780831
435,四川省乐山市福华农科投资集团有限责任公司,四川省,化学原料和化学制品制造业,1779936
436,农夫山泉股份有限公司,浙江省,酒、饮料和精制茶制造业,1779067
437,大全集团有限公司,江苏省,电气机械和器材制造业,1778846
438,大连金玛商城企业集团有限公司,辽宁省,商务服务业,1775527
439,济源市万洋冶炼（集团）有限公司,河南省,有色金属冶炼和压延加工业,1773811
440,山东齐鲁制药集团有限公司,山东省,医药制造业,1773008
441,河北冠丰冶金工业有限公司,河北省,黑色金属冶炼和压延加工业,1766614
442,山东金升有色集团有限公司,山东省,有色金属冶炼和压延加工业,1750786
443,山鹰国际控股股份公司,安徽省,造纸和纸制品业,1746968
444,海天建设集团有限公司,浙江省,房屋建筑业,1733230
445,欣旺达电子股份有限公司,广东省,电气机械和器材制造业,1731624
446,河南济源钢铁（集团）有限公司,河南省,黑色金属冶炼和压延加工业,1730559
447,开元旅业集团有限公司,浙江省,综合,1721092
448,华孚控股有限公司,广东省,纺织业,1718117
449,浙江兴日钢控股集团有限公司,浙江省,黑色金属冶炼和压延加工业,1714260
450,广州美涂士投资控股有限公司,广东省,综合,1712646
451,江苏国强镀锌实业有限公司,江苏省,金属制品业,1712116
452,上海胜华电缆（集团）有限公司,上海市,电气机械和器材制造业,1710253
453,青岛世纪瑞丰集团有限公司,山东省,批发业,1708741
454,河南威佳汽车贸易集团有限公司,河南省,零售业,1704887
455,山西通才工贸有限公司,山西省,黑色金属冶炼和压延加工业,1701485
456,群升集团有限公司,浙江省,综合,1697276
457,广州元亨能源有限公司,广东省,批发业,1689019
458,临清三和纺织集团有限公司,山东省,纺织业,1688515
459,杭州东恒石油有限公司,浙江省,批发业,1682542
460,天颂建设集团有限公司,浙江省,房屋建筑业,1675834
461,程力汽车集团股份有限公司,湖北省,汽车制造业,1675398
462,内蒙古汇能煤电集团有限公司,"内蒙古
自治区",煤炭开采和洗选业,1673794
463,安踏体育用品集团有限公司,福建省,皮革、毛皮、羽毛及其制品和制鞋业,1669249
464,华盛江泉集团有限公司,山东省,黑色金属冶炼和压延加工业,1668917
465,山东海王银河医药有限公司,山东省,批发业,1662467
466,山西立恒钢铁集团股份有限公司,山西省,黑色金属冶炼和压延加工业,1660958
467,泰地控股集团有限公司,浙江省,综合,1659134
468,浙江建华集团有限公司,浙江省,批发业,1655357
469,大自然钢业集团有限公司,浙江省,黑色金属冶炼和压延加工业,1646177
470,亚厦控股有限公司,浙江省,建筑装饰和其他建筑业,1645961
471,无锡市不锈钢电子交易中心有限公司,江苏省,零售业,1642583
472,金猴集团有限公司,山东省,皮革、毛皮、羽毛及其制品和制鞋业,1640214
473,隆基绿能科技股份有限公司,陕西省,其他制造业,1636228
474,日照兴业集团有限公司,山东省,综合,1633879
475,广东电白建设集团有限公司,广东省,房屋建筑业,1622617
476,江苏爱康实业集团有限公司,江苏省,电气机械和器材制造业,1618952
477,华太建设集团有限公司,浙江省,房屋建筑业,1615868
478,深圳市大疆创新科技有限公司,广东省,铁路、船舶、航空航天和其他运输设备制造业,1610613
479,福建圣农控股集团有限公司,福建省,畜牧业,1604064
480,人本集团有限公司,浙江省,通用设备制造业,1604002
481,浙江协和集团有限公司,浙江省,黑色金属冶炼和压延加工业,1600725
482,江苏中超投资集团有限公司,江苏省,其他制造业,1599629
483,珠海市魅族科技有限公司,广东省,计算机、通信和其他电子设备制造业,1597645
484,浙江富春江通信集团有限公司,浙江省,计算机、通信和其他电子设备制造业,1594316
485,广东领益智造股份有限公司,广东省,计算机、通信和其他电子设备制造业,1592517
486,苏州胜利精密制造科技股份有限公司,江苏省,计算机、通信和其他电子设备制造业,1591311
487,骆驼集团股份有限公司,湖北省,电气机械和器材制造业,1588906
488,江苏江润铜业有限公司,江苏省,有色金属冶炼和压延加工业,1586377
489,山东联盟化工集团有限公司,山东省,化学原料和化学制品制造业,1582660
490,胜达集团有限公司,浙江省,造纸和纸制品业,1580468
491,广东恒兴集团有限公司,广东省,农副食品加工业,1580226
492,广博集团,浙江省,文教、工美、体育和娱乐用品制造业,1577296
493,宝业湖北建工集团有限公司,湖北省,房屋建筑业,1574717
494,浙江国泰建设集团有限公司,浙江省,房屋建筑业,1574393
495,奥园集团有限公司,广东省,房地产业,1573490
496,奥盛集团有限公司,上海市,金属制品业,1573265
497,道恩集团有限公司,山东省,综合,1572606
498,山东科瑞控股集团有限公司,山东省,专用设备制造业,1571887
499,南通华新建工集团有限公司,江苏省,房屋建筑业,1568549
500,中厦建设集团有限公司,浙江省,房屋建筑业,1568415
